run,start,goal,classical_time,hybrid_time,classical_cost,hybrid_cost,classical_path,hybrid_path,match,hybrid_iterations
0,703,303,0.0006713000184390694,787.4138161000155,40.0,40.0,"[703, 560, 784, 960, 751, 245, 857, 473, 895, 303]","[703, 560, 784, 960, 751, 245, 857, 473, 895, 303]",True,420
1,1227,1795,0.00025710000772960484,0.0007160000095609576,inf,inf,,,True,0
2,448,690,0.0010606999858282506,1600.001321799995,inf,inf,,,True,900
3,1852,1297,0.00020650000078603625,0.0006294000195339322,inf,inf,,,True,0
4,349,374,0.00025710000772960484,69.62310990001424,40.0,40.0,"[349, 858, 646, 127, 81, 585, 374]","[349, 858, 646, 127, 81, 585, 374]",True,84
