run,start,goal,classical_time,hybrid_time,classical_cost,hybrid_cost,classical_path,hybrid_path,match,hybrid_iterations
0,512,515,0.0006114999996498227,761.057355900004,34.0,34.0,"[512, 873, 475, 112, 205, 371, 604, 221, 344, 705, 515]","[512, 873, 475, 112, 205, 371, 604, 221, 344, 705, 515]",True,470
1,65,888,0.0010201000259257853,1361.8385388999886,55.0,56.0,"[65, 893, 444, 423, 677, 764, 334, 914, 135, 384, 888]","[65, 236, 802, 738, 31, 968, 259, 493, 89, 945, 135, 384, 888]",False,866
2,962,261,0.00027550000231713057,100.145414300001,55.0,55.0,"[962, 181, 103, 1012, 872, 546, 738, 31, 270, 327, 855, 952, 261]","[962, 181, 103, 1012, 872, 546, 738, 31, 270, 327, 855, 952, 261]",True,110
3,813,252,0.0010210000036749989,1314.6394979000033,inf,inf,,,True,900
4,481,772,0.00036899998667649925,342.2165913999779,30.0,30.0,"[481, 236, 802, 738, 809, 382, 165, 411, 772]","[481, 236, 802, 738, 809, 382, 165, 411, 772]",True,249
