run,seed,start,goal,classical_time,hybrid_time,classical_cost,hybrid_cost,classical_path,hybrid_path,match,hybrid_iterations,shots,num_vertices,rounds,max_grover_iters,verify_quantum_choice
0,42,228,51,0.001039800001308322,103.18012480000107,38.0,38.0,"[228, 116, 109, 677, 764, 334, 662, 499, 920, 51]","[228, 116, 109, 677, 764, 334, 662, 499, 920, 51]",True,475,8192,1024,2,10,False
1,42,511,210,0.0003371999991941266,31.10541120000198,23.0,23.0,"[511, 87, 957, 894, 13, 114, 210]","[511, 87, 957, 894, 13, 114, 210]",True,154,8192,1024,2,10,False
2,42,951,102,0.0009747000003699213,63.28829340000084,36.0,36.0,"[951, 623, 886, 931, 652, 396, 187, 543, 889, 89, 102]","[951, 623, 886, 931, 652, 396, 187, 543, 889, 89, 102]",True,286,8192,1024,2,10,False
3,42,111,598,0.0013776000014331657,184.23043250000046,inf,inf,,,True,899,8192,1024,2,10,False
4,42,793,837,0.000562299999728566,23.319557599999825,25.0,25.0,"[793, 897, 100, 941, 210, 233, 837]","[793, 897, 100, 941, 210, 233, 837]",True,115,8192,1024,2,10,False
