run,seed,start,goal,classical_time,hybrid_time,classical_cost,hybrid_cost,classical_path,hybrid_path,match,hybrid_iterations,shots,num_vertices,rounds,max_grover_iters,verify_quantum_choice
0,42,456,102,0.0006959000000108517,76.21543120000001,30.0,30.0,"[456, 959, 1503, 1732, 870, 437, 126, 1798, 1613, 919, 102]","[456, 959, 1503, 1732, 870, 437, 126, 1798, 1613, 919, 102]",True,328,8192,2048,2,10,True
1,42,1126,1003,0.0019418999999913922,261.7359785,41.0,41.0,"[1126, 1655, 1140, 110, 494, 1525, 676, 1618, 1003]","[1126, 1655, 1140, 110, 494, 1525, 676, 1618, 1003]",True,1213,8192,2048,2,10,True
2,42,914,571,0.0014932000000271728,205.1656592,40.0,40.0,"[914, 1536, 235, 615, 187, 1086, 1677, 1698, 1276, 1161, 1990, 571]","[914, 1536, 235, 615, 187, 1086, 1677, 1698, 1276, 1161, 1990, 571]",True,899,8192,2048,2,10,True
3,42,419,356,0.001157799999987219,73.77041699999995,27.0,27.0,"[419, 1865, 1289, 111, 1983, 1524, 356]","[419, 1865, 1289, 111, 1983, 1524, 356]",True,343,8192,2048,2,10,True
4,42,1728,130,0.0011207000000013068,84.38404290000005,46.0,46.0,"[1728, 985, 498, 636, 1845, 1914, 1012, 1328, 788, 559, 410, 1795, 1240, 130]","[1728, 985, 498, 636, 1845, 1914, 1012, 1328, 788, 559, 410, 1795, 1240, 130]",True,399,8192,2048,2,10,True
