run,seed,start,goal,classical_time,hybrid_time,classical_cost,hybrid_cost,classical_path,hybrid_path,match,hybrid_iterations,shots,num_vertices,rounds,max_grover_iters,verify_quantum_choice
0,42,228,51,0.0007003000027907547,175.36884969999664,38.0,38.0,"[228, 116, 109, 677, 764, 334, 662, 499, 920, 51]","[228, 116, 109, 677, 764, 334, 662, 499, 920, 51]",True,726,8192,1024,2,10,False
1,42,563,501,0.00046779999684076756,33.35756649999894,48.0,48.0,"[563, 691, 359, 845, 146, 1014, 247, 171, 618, 231, 353, 501]","[563, 691, 359, 845, 146, 1014, 247, 171, 618, 231, 353, 501]",True,144,8192,1024,2,10,False
2,42,457,285,0.0005249999994703103,86.34221059999982,25.0,25.0,"[457, 159, 218, 592, 165, 411, 285]","[457, 159, 218, 592, 165, 411, 285]",True,323,8192,1024,2,10,False
3,42,209,178,0.000494200001412537,27.33978389999902,26.0,26.0,"[209, 905, 396, 187, 32, 882, 925, 178]","[209, 905, 396, 187, 32, 882, 925, 178]",True,113,8192,1024,2,10,False
4,42,864,65,0.0010370000018156134,207.67654449999827,40.0,40.0,"[864, 699, 326, 977, 816, 202, 752, 13, 65]","[864, 699, 326, 977, 816, 202, 752, 13, 65]",True,782,8192,1024,2,10,False
